Workbook

Sheet Products
A1: ProductID | B1: Product | C1: Category | D1: Price
A2: 101 | B2: ProductA | C2: Electronics | D2: 120
A3: 102 | B3: ProductB | C3: Furniture | D3: 150
A4: 103 | B4: ProductC | C4: Electronics | D4: 200
A5: 104 | B5: ProductD | C5: Clothing | D5: 90
A6: 105 | B6: ProductE | C6: Furniture | D6: 220
A7: 106 | B7: ProductF | C7: Electronics | D7: 130

Sheet Orders
A1: OrderID | B1: ProductID | C1: Quantity | D1: UnitPrice | E1: TotalPrice | G1: Category
A2: 1 | B2: 101 | C2: 2 | D2: =VLOOKUP(B2,Products!$A$2:$D$7,4,FALSE) -> 120 | E2: =C2*D2 -> 240 | G2: =VLOOKUP(B2,Products!$A$2:$D$7,3,FALSE) -> Electronics
A3: 2 | B3: 103 | C3: 1 | D3: =VLOOKUP(B3,Products!$A$2:$D$7,4,FALSE) -> 200 | E3: =C3*D3 -> 200 | G3: =VLOOKUP(B3,Products!$A$2:$D$7,3,FALSE) -> Electronics
A4: 3 | B4: 105 | C4: 4 | D4: =VLOOKUP(B4,Products!$A$2:$D$7,4,FALSE) -> 220 | E4: =C4*D4 -> 880 | G4: =VLOOKUP(B4,Products!$A$2:$D$7,3,FALSE) -> Furniture
A5: 4 | B5: 106 | C5: 3 | D5: =VLOOKUP(B5,Products!$A$2:$D$7,4,FALSE) -> 130 | E5: =C5*D5 -> 390 | G5: =VLOOKUP(B5,Products!$A$2:$D$7,3,FALSE) -> Electronics
A6: 5 | B6: 102 | C6: 5 | D6: =VLOOKUP(B6,Products!$A$2:$D$7,4,FALSE) -> 150 | E6: =C6*D6 -> 750 | G6: =VLOOKUP(B6,Products!$A$2:$D$7,3,FALSE) -> Furniture
A7: 6 | B7: 104 | C7: 6 | D7: =VLOOKUP(B7,Products!$A$2:$D$7,4,FALSE) -> 90 | E7: =C7*D7 -> 540 | G7: =VLOOKUP(B7,Products!$A$2:$D$7,3,FALSE) -> Clothing
B16: 1. Use VLOOKUP to dynamically find the unit price for each ProductID in the Orders worksheet and calculate the total price.
B18: 2. Use nested VLOOKUP to find the category of each product in the Orders worksheet.

Sheet MonthlySales
B1: Jan | C1: Feb | D1: Mar | E1: Apr | F1: May
A2: Product A | B2: 120 | C2: 130 | D2: 140 | E2: 150 | F2: 160
A3: Product B | B3: 150 | C3: 160 | D3: 170 | E3: 180 | F3: 190
A4: Product C | B4: 200 | C4: 210 | D4: 220 | E4: 230 | F4: 240
A5: Product D | B5: 90 | C5: 100 | D5: 110 | E5: 120 | F5: 130
A6: Product E | B6: 220 | C6: 230 | D6: 240 | E6: 250 | F6: 260
A7: Product F | B7: 130 | C7: 140 | D7: 150 | E7: 160 | F7: 170
B12: Month
B13: Jan | C13: =HLOOKUP(B13,$B$1:$F$7,ROW(A3),FALSE) -> 150 | G13: 1. Use HLOOKUP to dynamically find the sales for Product B in a specified month.
B14: Feb | C14: =HLOOKUP(B14,$B$1:$F$7,ROW(A4),FALSE) -> 210
B15: Mar | C15: =HLOOKUP(B15,$B$1:$F$7,ROW(A5),FALSE) -> 110
B16: Apr | C16: =HLOOKUP(B16,$B$1:$F$7,ROW(A6),FALSE) -> 250
B17: May | C17: =HLOOKUP(B17,$B$1:$F$7,3,FALSE) -> 190
